"Change ID","Reviewer Task","Date","File or Section","Change Description","Reason","Status"
"C01","R1.3; R2.2; R2.3","2026-10-01","Abstract","Rewrote the abstract: corrected receptive field (259 steps, 34.5 min), reported mean +/- std over seeds, identical-protocol baseline comparison, robustness experiments; removed cross-dataset generalization and compression claims.","Consistency with the new experiments; unsupported claims removed.","Applied"
"C02","R1.1; R1.3; R2.1","2026-10-01","Introduction, positioning and contributions paragraph; Table 1","Replaced state-of-the-art/cross-dataset wording by validated statements; updated NILM numbers; Table 1 adaptation column wording.","Claims must match the evidence.","Applied"
"C03","R1.1; R1.45","2026-10-01","Introduction","Condensed the four generic smart-grid motivation paragraphs into three; kept all citations; added near-real-time definition.","Reduce length and repetition.","Applied"
"C04","R1.7","2026-10-01","NILM, Task Formulation","Clarified regression with one head per appliance, pure regression objective, thresholded states, separate classification network.","Reviewer asked how focal loss relates to regression.","Applied"
"C05","R1.21; R1.22; R1.23; R2.11","2026-10-01","NILM, EDTCN architecture","Corrected kernel size to 3 and receptive field to 259 steps with derivation table; added layer-by-layer table, parameter and MAC counts, memory footprint; sampling-interval mapping.","Earlier values (K=5, 127 steps) did not match the trained checkpoints.","Applied"
"C06","R1.44; R1.22","2026-10-01","Figure: EDTCN architecture","Redrawn with correct input size, receptive fields and parameter counts at readable font size.","Old figure showed 599 steps, 127-step receptive field and tiny text.","Applied"
"C07","R1.6; R1.7","2026-10-01","NILM, Training Strategy and Loss Functions","New loss equation with 1 W floor and clipping, definitions of all symbols, weights, normalization and threshold role; configuration sensitivity.","Previous equation was incomplete/unbounded for OFF appliances.","Applied"
"C08","R2.12","2026-10-01","NILM, training protocol","Deployed-checkpoint training settings corrected to the configuration file; new paragraph for the controlled-experiment protocol (optimizer, seeds, software, hardware, statistics).","Reproducibility.","Applied"
"C09","R1.2; R1.24; R2.3","2026-10-01","NILM, Evaluation Datasets","Added protocol table and preprocessing paragraph; corrected window counts, sampling intervals and device-type counts; disclosed the synthetic SustDataED2 aggregate.","Protocol must be explicit.","Applied"
"C10","R1.3; R1.25; R2.2; R2.5","2026-10-01","NILM, Multi-Dataset Performance","New overall table (retrained mean +/- std and deployed checkpoints) with SAE/NDE; removed the 1 Hz explanation (all data are at 8 s); new text and figure.","Reviewer requests; factual correction.","Applied"
"C11","R1.25; R1.26; R1.27","2026-10-01","NILM, per-appliance tables","Regenerated the three per-appliance tables for all appliances with SAE, NDE, ON time; corrected the SustDataED2 TV-Samsung entry (F1 0.0, previously 0.734).","Tables must match the stored metrics.","Applied"
"C12","R1.5; R1.8; R2.4","2026-10-01","NILM, Ablation Study","New ablation section with architecture and loss ladders (5 seeds, paired bootstrap) and loss-by-device-type table.","Reviewer requested component isolation.","Applied"
"C13","R2.2","2026-10-01","NILM, Comparison with Baselines","Replaced the literature-approximated comparison table, text and figure by baselines re-implemented and trained under the identical protocol, with complexity.","Literature values were not comparable.","Applied"
"C14","R1.28; R1.29","2026-10-01","NILM, false positives, post-processing threshold, classification wording","Neutral wording; exact setting of the 30.6% precision; validation-selected thresholds and new sweep table; removed near-perfect wording.","Reviewer comments; avoid test-set tuning.","Applied"
"C15","R1.45","2026-10-01","NILM subsections","Shortened training-efficiency text, SustDataED2 preprocessing text and classification-evolution paragraphs.","Reduce repetition.","Applied"
"C16","R1.45","2026-10-01","Software Components (web and mobile)","Condensed generic technology justifications; security and payment paragraphs left unchanged for the security revision.","Reduce length.","Applied"
"C17","R1.44","2026-10-01","Figures","Redrawn NILM figures (overall performance, per-appliance, training speed-up, baseline comparison) with consistent fonts and palette.","Small text and overlapping annotations.","Applied"
"C18","R1.14; R1.15; R1.16","2026-10-01","Hardware benchmark table and introduction","Corrected 695.68 mA -> 3.48 W; consistent active-power reductions (71.6% vs Gen 2, 85.3% vs Gen 1); cost wording (SiP vs board vs not included); TODO comment for the 0.513 W scope.","Numerical inconsistencies pointed out by the reviewer.","Applied - awaiting author review (hardware group)"
"C19","R1.9; R1.10; R2.9; R2.14","2026-10-01","Embedded deployment results","Corrected throughput to the 512-step window (33-40x), added CPU duty, latency budget, energy-per-inference tables and real-time semantics.","Real-time claim clarification.","Applied - awaiting author review (hardware group)"
"C20","R1.20","2026-10-01","Embedded deployment, Stage 4","Clarified soft-float use; removed the L2-cache remark.","Reviewer clarification request.","Applied - awaiting author review (hardware group)"
"C21","(consistency)","2026-10-01","Embedded deployment, quantization","Replaced the 9-11x compression claim by 3.1-3.5x weight-storage reduction (FP32 weights vs INT8 file); removed the size-accuracy figure.","The earlier ratio compared a training checkpoint (with optimizer state) with INT8 weights.","Applied - awaiting author review (hardware group)"
"C22","R1.11","2026-10-01","Discussion, Limitations","Idle-current reduction corrected to the table value; CPU saturation limitation reworded with duty-cycle argument.","Consistency.","Applied - awaiting author review (hardware group)"
"C23","R1.4; R1.32; R1.33; R2.3; R2.10","2026-10-01","NILM, new subsubsection 'Robustness to Unseen Households and Datasets'","Added per-house results, leave-one-house-out, zero-shot transfer and adaptation (heads/full/EWC/scratch) with protocol, leakage checks, forgetting, dishwasher result and temporal-quarter analysis.","Reviewer requests on cross-dataset evaluation and adaptation.","Applied"
"C24","R1.12; R1.28; R1.33","2026-10-01","Section Discussion, Summary, Conclusion","New 'Interpreting the NILM Results'; rewritten cold-start/adaptation subsection (dishwasher 100 W -> 1 W claim removed); rewritten Summary and Key Findings and NILM sentences of the Conclusion.","More argumentative discussion; unsupported claims removed.","Applied"
"C25","R2.15","2026-10-01","Section Limitations","Added NILM-related limitations paragraph.","Balanced limitations.","Applied"
"C26","R2.12","2026-10-01","NILM, training","Added reproducibility paragraph (optimizer, schedule, seeds, software, hardware, statistics).","Reproducibility.","Applied"
